,precision,recall,f1-score,support
Advertencia,0.5408062930186824,0.7649513212795549,0.6336405529953917,719.0
Error,1.0,0.48400556328233657,0.6522961574507966,719.0
Informativo,0.571969696969697,0.6300417246175244,0.599602911978822,719.0
accuracy,0.626332869726472,0.626332869726472,0.626332869726472,0.626332869726472
macro avg,0.7042586633294597,0.626332869726472,0.6285132074750034,2157.0
weighted avg,0.7042586633294599,0.626332869726472,0.6285132074750035,2157.0
