,precision,recall,f1-score,support
Advertencia,0.5907859078590786,0.9095966620305981,0.7163198247535597,719.0
Error,1.0,0.4714881780250348,0.6408317580340265,719.0
Informativo,0.659634317862166,0.6522948539638387,0.6559440559440559,719.0
accuracy,0.6777932313398238,0.6777932313398238,0.6777932313398238,0.6777932313398238
macro avg,0.7501400752404148,0.6777932313398237,0.671031879577214,2157.0
weighted avg,0.7501400752404148,0.6777932313398238,0.6710318795772141,2157.0
