,precision,recall,f1-score,support
Advertencia,0.5764705882352941,0.8166666666666667,0.6758620689655173,720.0
Error,0.7920560747663551,0.4708333333333333,0.5905923344947736,720.0
Informativo,0.6938202247191011,0.6861111111111111,0.6899441340782123,720.0
accuracy,0.6578703703703703,0.6578703703703703,0.6578703703703703,0.6578703703703703
macro avg,0.6874489625735835,0.6578703703703704,0.6521328458461677,2160.0
weighted avg,0.6874489625735835,0.6578703703703703,0.6521328458461676,2160.0
