,precision,recall,f1-score,support
Advertencia,0.5863596102745793,0.9207232267037552,0.7164502164502164,719.0
Error,1.0,0.48261474269819193,0.651031894934334,719.0
Informativo,0.671071953010279,0.6356050069541029,0.6528571428571428,719.0
accuracy,0.67964765878535,0.67964765878535,0.67964765878535,0.67964765878535
macro avg,0.7524771877616194,0.67964765878535,0.6734464180805645,2157.0
weighted avg,0.7524771877616194,0.67964765878535,0.6734464180805644,2157.0
