,precision,recall,f1-score,support
Advertencia,0.5037593984962406,0.6522948539638387,0.5684848484848485,719.0
Error,0.7835990888382688,0.47844228094575797,0.5941278065630398,719.0
Informativo,0.579415501905972,0.6342141863699583,0.6055776892430279,719.0
accuracy,0.588317107093185,0.588317107093185,0.588317107093185,0.588317107093185
macro avg,0.6222579964134938,0.588317107093185,0.5893967814303053,2157.0
weighted avg,0.6222579964134938,0.588317107093185,0.5893967814303054,2157.0
