,precision,recall,f1-score,support
Advertencia,0.49945945945945946,0.6425591098748261,0.5620437956204379,719.0
Error,0.7829099307159353,0.4714881780250348,0.5885416666666666,719.0
Informativo,0.5794743429286608,0.6439499304589708,0.6100131752305665,719.0
accuracy,0.5859990727862773,0.5859990727862773,0.5859990727862773,0.5859990727862773
macro avg,0.6206145777013519,0.5859990727862772,0.5868662125058903,2157.0
weighted avg,0.6206145777013519,0.5859990727862773,0.5868662125058903,2157.0
