,precision,recall,f1-score,support
Advertencia,0.5471331389698737,0.7830319888734353,0.6441647597254004,719.0
Error,0.7926267281105991,0.47844228094575797,0.5967042497831744,719.0
Informativo,0.6628242074927954,0.6397774687065368,0.6510969568294409,719.0
accuracy,0.6337505795085767,0.6337505795085767,0.6337505795085767,0.6337505795085767
macro avg,0.6675280248577561,0.6337505795085767,0.630655322112672,2157.0
weighted avg,0.6675280248577561,0.6337505795085767,0.630655322112672,2157.0
