,precision,recall,f1-score,support
Advertencia,0.5184782608695652,0.6634214186369958,0.5820622330689444,719.0
Error,0.8308823529411765,0.4714881780250348,0.6015971606033718,719.0
Informativo,0.5814234016887817,0.6703755215577191,0.6227390180878553,719.0
accuracy,0.6017617060732499,0.6017617060732499,0.6017617060732499,0.6017617060732499
macro avg,0.6435946718331745,0.6017617060732499,0.6021328039200572,2157.0
weighted avg,0.6435946718331745,0.6017617060732499,0.6021328039200571,2157.0
