,precision,recall,f1-score,support
Advertencia,0.5152838427947598,0.6564673157162726,0.5773700305810398,719.0
Error,0.8,0.4673157162726008,0.5899912203687445,719.0
Informativo,0.5980511571254568,0.6828929068150209,0.6376623376623377,719.0
accuracy,0.6022253129346314,0.6022253129346314,0.6022253129346314,0.6022253129346314
macro avg,0.6377783333067388,0.6022253129346314,0.601674529537374,2157.0
weighted avg,0.6377783333067388,0.6022253129346314,0.601674529537374,2157.0
