,precision,recall,f1-score,support
Advertencia,0.5923623445825933,0.9276773296244785,0.7230352303523035,719.0
Error,0.9971098265895953,0.47983310152990266,0.647887323943662,719.0
Informativo,0.6846715328467153,0.6522948539638387,0.6680911680911681,719.0
accuracy,0.6866017617060732,0.6866017617060732,0.6866017617060732,0.6866017617060732
macro avg,0.7580479013396347,0.6866017617060732,0.6796712407957113,2157.0
weighted avg,0.7580479013396347,0.6866017617060732,0.6796712407957112,2157.0
