,precision,recall,f1-score,support
Advertencia,1.0,1.0,1.0,79.0
Error,0.9866666666666667,0.9367088607594937,0.961038961038961,79.0
Informativo,0.9397590361445783,0.9873417721518988,0.9629629629629629,79.0
accuracy,0.9746835443037974,0.9746835443037974,0.9746835443037974,0.9746835443037974
macro avg,0.975475234270415,0.9746835443037974,0.9746673080006413,237.0
weighted avg,0.9754752342704149,0.9746835443037974,0.9746673080006413,237.0
