,precision,recall,f1-score,support
Advertencia,1.0,0.9625,0.9808917197452229,80.0
Error,0.9876543209876543,1.0,0.9937888198757764,80.0
Informativo,0.975609756097561,1.0,0.9876543209876543,80.0
accuracy,0.9875,0.9875,0.9875,0.9875
macro avg,0.9877546923617384,0.9874999999999999,0.9874449535362179,240.0
weighted avg,0.9877546923617385,0.9875,0.9874449535362179,240.0
