,precision,recall,f1-score,support
Advertencia,1.0,1.0,1.0,80.0
Error,0.975,0.975,0.975,80.0
Informativo,0.975,0.975,0.975,80.0
accuracy,0.9833333333333333,0.9833333333333333,0.9833333333333333,0.9833333333333333
macro avg,0.9833333333333334,0.9833333333333334,0.9833333333333334,240.0
weighted avg,0.9833333333333333,0.9833333333333333,0.9833333333333333,240.0
