,precision,recall,f1-score,support
Advertencia,1.0,0.975,0.9873417721518988,80.0
Error,0.975,0.975,0.975,80.0
Informativo,0.9634146341463414,0.9875,0.9753086419753086,80.0
accuracy,0.9791666666666666,0.9791666666666666,0.9791666666666666,0.9791666666666666
macro avg,0.9794715447154472,0.9791666666666666,0.9792168047090691,240.0
weighted avg,0.9794715447154471,0.9791666666666666,0.9792168047090694,240.0
