,precision,recall,f1-score,support
Advertencia,0.9876543209876543,1.0,0.9937888198757764,80.0
Error,0.9746835443037974,0.9625,0.9685534591194969,80.0
Informativo,0.975,0.975,0.975,80.0
accuracy,0.9791666666666666,0.9791666666666666,0.9791666666666666,0.9791666666666666
macro avg,0.9791126217638172,0.9791666666666666,0.9791140929984244,240.0
weighted avg,0.9791126217638173,0.9791666666666666,0.9791140929984244,240.0
