,precision,recall,f1-score,support
Advertencia,1.0,1.0,1.0,80.0
Error,0.9743589743589743,0.95,0.9620253164556962,80.0
Informativo,0.9512195121951219,0.975,0.9629629629629629,80.0
accuracy,0.975,0.975,0.975,0.975
macro avg,0.9751928288513655,0.975,0.974996093139553,240.0
weighted avg,0.9751928288513655,0.975,0.9749960931395532,240.0
