,precision,recall,f1-score,support
Advertencia,1.0,0.9875,0.9937106918238994,80.0
Error,1.0,0.9875,0.9937106918238994,80.0
Informativo,0.975609756097561,1.0,0.9876543209876543,80.0
accuracy,0.9916666666666667,0.9916666666666667,0.9916666666666667,0.9916666666666667
macro avg,0.991869918699187,0.9916666666666667,0.991691901545151,240.0
weighted avg,0.9918699186991871,0.9916666666666667,0.991691901545151,240.0
