,precision,recall,f1-score,support
Advertencia,1.0,0.9875,0.9937106918238994,80.0
Error,1.0,1.0,1.0,80.0
Informativo,0.9876543209876543,1.0,0.9937888198757764,80.0
accuracy,0.9958333333333333,0.9958333333333333,0.9958333333333333,0.9958333333333333
macro avg,0.9958847736625515,0.9958333333333332,0.9958331705665585,240.0
weighted avg,0.9958847736625515,0.9958333333333333,0.9958331705665586,240.0
