,precision,recall,f1-score,support
Advertencia,1.0,0.975,0.9873417721518988,80.0
Error,0.9629629629629629,0.975,0.968944099378882,80.0
Informativo,0.9629629629629629,0.975,0.968944099378882,80.0
accuracy,0.975,0.975,0.975,0.975
macro avg,0.9753086419753085,0.975,0.9750766569698875,240.0
weighted avg,0.9753086419753086,0.975,0.9750766569698878,240.0
