,precision,recall,f1-score,support
Advertencia,1.0,0.9625,0.9808917197452229,80.0
Error,0.9634146341463414,0.9875,0.9753086419753086,80.0
Informativo,0.9629629629629629,0.975,0.968944099378882,80.0
accuracy,0.975,0.975,0.975,0.975
macro avg,0.9754591990364347,0.9750000000000001,0.9750481536998046,240.0
weighted avg,0.9754591990364347,0.975,0.9750481536998046,240.0
