,precision,recall,f1-score,support
Advertencia,1.0,0.9875,0.9937106918238994,80.0
Error,0.975,0.975,0.975,80.0
Informativo,0.9753086419753086,0.9875,0.9813664596273292,80.0
accuracy,0.9833333333333333,0.9833333333333333,0.9833333333333333,0.9833333333333333
macro avg,0.9834362139917695,0.9833333333333334,0.9833590504837427,240.0
weighted avg,0.9834362139917696,0.9833333333333333,0.983359050483743,240.0
