,precision,recall,f1-score,support
Advertencia,1.0,1.0,1.0,80.0
Error,0.9302325581395349,1.0,0.963855421686747,80.0
Informativo,1.0,0.925,0.961038961038961,80.0
accuracy,0.975,0.975,0.975,0.975
macro avg,0.9767441860465116,0.975,0.9749647942419027,240.0
weighted avg,0.9767441860465117,0.975,0.9749647942419026,240.0
