,precision,recall,f1-score,support
Advertencia,0.975609756097561,1.0,0.9876543209876543,80.0
Error,0.9875,0.9875,0.9875,80.0
Informativo,0.9871794871794872,0.9625,0.9746835443037974,80.0
accuracy,0.9833333333333333,0.9833333333333333,0.9833333333333333,0.9833333333333333
macro avg,0.983429747759016,0.9833333333333334,0.983279288430484,240.0
weighted avg,0.9834297477590161,0.9833333333333333,0.983279288430484,240.0
