,precision,recall,f1-score,support
Advertencia,0.9875,1.0,0.9937106918238994,79.0
Error,0.9615384615384616,0.9493670886075949,0.9554140127388535,79.0
Informativo,0.9620253164556962,0.9620253164556962,0.9620253164556962,79.0
accuracy,0.9704641350210971,0.9704641350210971,0.9704641350210971,0.9704641350210971
macro avg,0.9703545926647191,0.9704641350210971,0.9703833403394831,237.0
weighted avg,0.9703545926647192,0.9704641350210971,0.9703833403394829,237.0
