,precision,recall,f1-score,support
Advertencia,0.9876543209876543,1.0,0.9937888198757764,80.0
Error,0.9620253164556962,0.95,0.9559748427672956,80.0
Informativo,0.9625,0.9625,0.9625,80.0
accuracy,0.9708333333333333,0.9708333333333333,0.9708333333333333,0.9708333333333333
macro avg,0.9707265458144502,0.9708333333333333,0.9707545542143573,240.0
weighted avg,0.9707265458144502,0.9708333333333333,0.9707545542143573,240.0
