,precision,recall,f1-score,support
Advertencia,1.0,1.0,1.0,80.0
Error,0.9620253164556962,0.95,0.9559748427672956,80.0
Informativo,0.9506172839506173,0.9625,0.9565217391304348,80.0
accuracy,0.9708333333333333,0.9708333333333333,0.9708333333333333,0.9708333333333333
macro avg,0.9708808668021045,0.9708333333333333,0.9708321939659101,240.0
weighted avg,0.9708808668021045,0.9708333333333333,0.9708321939659101,240.0
