,precision,recall,f1-score,support
Advertencia,0.49473684210526314,0.5949367088607594,0.5402298850574713,79.0
Error,0.9761904761904762,0.5189873417721519,0.6776859504132231,79.0
Informativo,0.55,0.6962025316455697,0.6145251396648045,79.0
accuracy,0.6033755274261603,0.6033755274261603,0.6033755274261603,0.6033755274261603
macro avg,0.6736424394319132,0.6033755274261603,0.6108136583784997,237.0
weighted avg,0.673642439431913,0.6033755274261603,0.6108136583784997,237.0
