,precision,recall,f1-score,support
Advertencia,0.5,0.675,0.574468085106383,80.0
Error,1.0,0.4,0.5714285714285714,80.0
Informativo,0.6,0.75,0.6666666666666666,80.0
accuracy,0.6083333333333333,0.6083333333333333,0.6083333333333333,0.6083333333333333
macro avg,0.7000000000000001,0.6083333333333334,0.6041877744005403,240.0
weighted avg,0.7,0.6083333333333333,0.6041877744005403,240.0
