,precision,recall,f1-score,support
Advertencia,0.5632183908045977,0.6125,0.5868263473053892,80.0
Error,1.0,0.4375,0.6086956521739131,80.0
Informativo,0.5338983050847458,0.7875,0.6363636363636364,80.0
accuracy,0.6125,0.6125,0.6125,0.6125
macro avg,0.6990388986297811,0.6124999999999999,0.6106285452809795,240.0
weighted avg,0.6990388986297812,0.6125,0.6106285452809795,240.0
