,precision,recall,f1-score,support
Advertencia,0.5816326530612245,0.7125,0.6404494382022472,80.0
Error,1.0,0.5125,0.6776859504132231,80.0
Informativo,0.6237623762376238,0.7875,0.6961325966850829,80.0
accuracy,0.6708333333333333,0.6708333333333333,0.6708333333333333,0.6708333333333333
macro avg,0.7351316764329495,0.6708333333333334,0.6714226617668512,240.0
weighted avg,0.7351316764329494,0.6708333333333333,0.6714226617668511,240.0
