,precision,recall,f1-score,support
Advertencia,0.5416666666666666,0.65,0.5909090909090909,80.0
Error,1.0,0.5125,0.6776859504132231,80.0
Informativo,0.5533980582524272,0.7125,0.6229508196721312,80.0
accuracy,0.625,0.625,0.625,0.625
macro avg,0.6983549083063645,0.625,0.6305152869981484,240.0
weighted avg,0.6983549083063646,0.625,0.6305152869981484,240.0
