,precision,recall,f1-score,support
Advertencia,0.5897435897435898,0.8625,0.700507614213198,80.0
Error,1.0,0.5125,0.6776859504132231,80.0
Informativo,0.7317073170731707,0.75,0.7407407407407407,80.0
accuracy,0.7083333333333334,0.7083333333333334,0.7083333333333334,0.7083333333333334
macro avg,0.7738169689389203,0.7083333333333334,0.7063114351223874,240.0
weighted avg,0.7738169689389202,0.7083333333333334,0.7063114351223873,240.0
