,precision,recall,f1-score,support
Advertencia,0.4948453608247423,0.6,0.5423728813559322,80.0
Error,1.0,0.45,0.6206896551724138,80.0
Informativo,0.5700934579439252,0.7625,0.6524064171122995,80.0
accuracy,0.6041666666666666,0.6041666666666666,0.6041666666666666,0.6041666666666666
macro avg,0.6883129395895559,0.6041666666666666,0.6051563178802152,240.0
weighted avg,0.6883129395895559,0.6041666666666666,0.6051563178802152,240.0
