,precision,recall,f1-score,support
Advertencia,0.5232558139534884,0.5625,0.5421686746987951,80.0
Error,1.0,0.45,0.6206896551724138,80.0
Informativo,0.5423728813559322,0.8,0.6464646464646465,80.0
accuracy,0.6041666666666666,0.6041666666666666,0.6041666666666666,0.6041666666666666
macro avg,0.6885428984364735,0.6041666666666666,0.6031076587786185,240.0
weighted avg,0.6885428984364735,0.6041666666666666,0.6031076587786186,240.0
