,precision,recall,f1-score,support
Advertencia,0.6043956043956044,0.6875,0.6432748538011696,80.0
Error,1.0,0.55,0.7096774193548387,80.0
Informativo,0.5904761904761905,0.775,0.6702702702702703,80.0
accuracy,0.6708333333333333,0.6708333333333333,0.6708333333333333,0.6708333333333333
macro avg,0.7316239316239317,0.6708333333333334,0.6744075144754262,240.0
weighted avg,0.7316239316239316,0.6708333333333333,0.6744075144754262,240.0
