,precision,recall,f1-score,support
Advertencia,0.5368421052631579,0.6375,0.5828571428571429,80.0
Error,1.0,0.4125,0.584070796460177,80.0
Informativo,0.5357142857142857,0.75,0.625,80.0
accuracy,0.6,0.6,0.6,0.6
macro avg,0.6908521303258145,0.6,0.5973093131057733,240.0
weighted avg,0.6908521303258145,0.6,0.5973093131057733,240.0
